{
  "Rıhtım Caddesi, Kadıköy, İstanbul, Türkiye": [
    40.9936633,
    29.0247309
  ],
  "Barbaros Bulvarı, Beşiktaş, İstanbul, Türkiye": [
    41.0452181,
    29.0073087
  ],
  "İncirli Caddesi, Bakırköy, İstanbul, Türkiye": [
    40.9889514,
    28.8716
  ],
  "Ostim OSB, Bağdat Cd. No:386, 06374 Yenimahalle/Ankara": [
    39.9648332,
    32.7502871
  ],
  "Kızılırmak, Muhsin Yazıcıoğlu Cd. No:17/6, 06530 Çankaya/Ankara": [
    39.9035311,
    32.8101796
  ],
  "Cumhuriyet, Atatürk Blv No:87, 06420 Çankaya/Ankara": [
    39.9220559,
    32.8544595
  ],
  "Kızılay, İzmir-1 Cd. No:6, 06420 Çankaya/Ankara": [
    39.9248683,
    32.8530237
  ],
  "Ragıp Tüzün Cd. No:166, 06170 Yenimahalle/Ankara": [
    39.9667514,
    32.8073035
  ],
  "Gazi, 06560 Yenimahalle/Ankara": [
    39.9458574,
    32.7999862
  ],
  "Bağdat Caddesi, Suadiye, Kadıköy, İstanbul, Türkiye": [
    40.95989,
    29.0815057
  ],
  "Abbasağa Mahallesi, Beşiktaş, İstanbul, Türkiye": [
    41.0480102,
    29.0045285
  ],
  "100. Yıl Bulvarı No:55, OSTİM Mahallesi, 06374 Yenimahalle/Ankara": [
    39.9788965,
    32.7433229
  ],
  "1420. Cadde No:12, Kızılırmak Mahallesi, 06510 Çankaya/Ankara": [
    39.9909436,
    32.7427828
  ],
  "Mithatpaşa Caddesi No:10, Sıhhiye Mahallesi, 06420 Çankaya/Ankara": [
    39.925296,
    32.8558499
  ],
  "Selanik Caddesi No:19, Kocatepe Mahallesi, 06420 Çankaya/Ankara": [
    39.9202665,
    32.8565501
  ],
  "İvedik Caddesi No:30, Demetevler Mahallesi, 06170 Yenimahalle/Ankara": [
    39.957876,
    32.8179749
  ],
  "Mevlana Bulvarı No:54, Gazi Mahallesi, 06560 Yenimahalle/Ankara": [
    39.9357279,
    32.8229853
  ],
  "GMK Bulvarı No:84, Maltepe Mahallesi, 06570 Çankaya/Ankara": [
    39.93056199999999,
    32.845245
  ],
  "Beştepeler Mahallesi, Dumlupınar Bulvarı No:266, 06560 Çankaya/Ankara": [
    39.9078373,
    32.759853
  ],
  "Kadıköy Şubesi": [
    40.9818744,
    29.0576298
  ],
  "Beşiktaş Şubesi": [
    41.068616,
    29.0285355
  ],
  "Bakırköy Şubesi": [
    40.9714189,
    28.82472199999999
  ],
  "Yenimahalle Şubesi": [
    40.0129334,
    32.740723
  ],
  "Çankaya Şubesi": [
    39.9333635,
    32.8597419
  ],
  "Ankara Şubesi": [
    39.9333635,
    32.8597419
  ],
  "Finanskent Mahallesi , Ümraniye": [
    41.00140409999999,
    29.1128936
  ],
  "Birlik mahallesi ulubatlı sokak": [
    39.962805,
    32.893939
  ],
  "Birlik mahallesi ulubatlı sokak, Esenler": [
    41.04697,
    28.8683345
  ],
  "Finanskent Mahallesi, Ümraniye": [
    41.00140409999999,
    29.1128936
  ],
  "Esatpaşa Mahallesi , Bayındır Sokak": [
    41.0041172,
    29.0836522
  ],
  "Esatpaşa Mahallesi, Bayındır Sokak": [
    41.0041172,
    29.0836522
  ],
  "Esatpaşa Mah.  Bayındır Sok.": [
    41.0041172,
    29.0836522
  ],
  "Esatpaşa Mahallesi , Bayindir Sokak": [
    41.0041172,
    29.0836522
  ],
  "Esatpaşa Mah. Bayındır Sok.": [
    41.0041172,
    29.0836522
  ],
  "Dolmabahçe Sarayı, Beşiktaş": [
    41.0391643,
    29.0004594
  ],
  "esatpaşa mahallesi, bayındır sokak": [
    41.0041172,
    29.0836522
  ],
  "esatpaşa mahallesi": [
    41.0047868,
    29.0838099
  ],
  "Esatpaşa Mahalesi Bayındır sokak": [
    41.0041172,
    29.0836522
  ],
  "Esatpaşa Mahallesi ,Bayındır sokak": [
    41.0041172,
    29.0836522
  ],
  "Maltepe METRO": [
    40.9364771,
    29.136806
  ],
  "esatpaşa mahallesi bayindir sokak": [
    41.0041172,
    29.0836522
  ],
  "Los angeles, USA": [
    34.0549076,
    -118.242643
  ],
  "Esatpaşa Mahallesi Bayındır Sokak": [
    41.0041172,
    29.0836522
  ],
  "Esatpaşa Mahallesi, Bayındır Sokak No:20/4": [
    41.0041209,
    29.0834074
  ],
  "Esatpaşa mahallesi bayındır sokak": [
    41.0041172,
    29.0836522
  ],
  "Esatpaşa Mahallesi Bayindir sokak": [
    41.0041172,
    29.0836522
  ],
  "Esatpaşa Mahallesi, Bayindir Sokak": [
    41.0041172,
    29.0836522
  ],
  "erenler 1016.sokak no:11": [
    41.1635163,
    29.6015303
  ],
  "erenler 1016.sokak no:11, Sakarya": [
    40.79873740000001,
    30.4062384
  ]
}